<?xml version="1.0" encoding="UTF-8"?>
<project-private xmlns="http://www.netbeans.org/ns/project-private/1">
    <editor-bookmarks xmlns="http://www.netbeans.org/ns/editor-bookmarks/2" lastBookmarkId="0"/>
    <open-files xmlns="http://www.netbeans.org/ns/projectui-open-files/2">
        <group>
            <file>file:/home/petrovick/Desktop/git/WebII/br.com.projetowebii/br.com.projetowebii-ejb/src/java/br/com/projetowebii/entidade/Apartamento.java</file>
            <file>file:/home/petrovick/Desktop/git/WebII/br.com.projetowebii/br.com.projetowebii-ejb/src/java/br/com/projetowebii/serviceimple/ReservaService.java</file>
        </group>
    </open-files>
</project-private>
